{"cameraMode":{"drawMode":0,"name":"Shaded","section":"Shading Mode"},"sceneLighting":true,"audioPlay":false,"sceneViewState":{"showFog":true,"showMaterialUpdate":true,"showSkybox":true,"showFlares":true,"showImageEffects":true,"showParticleSystems":true},"in2DMode":false,"pivot":{"x":-1.851218342781067,"y":-2.098346710205078,"z":11.810617446899414},"rotation":{"x":-0.10743579268455506,"y":0.28851884603500368,"z":-0.032598499208688739,"w":-0.9508697390556336},"size":10.0,"orthographic":false}