{"cameraMode":{"drawMode":0,"name":"Shaded","section":"Shading Mode"},"sceneLighting":true,"audioPlay":false,"sceneViewState":{"showFog":true,"showMaterialUpdate":true,"showSkybox":true,"showFlares":true,"showImageEffects":true,"showParticleSystems":true},"in2DMode":false,"pivot":{"x":16.718582153320314,"y":0.3747227191925049,"z":12.66285228729248},"rotation":{"x":-0.008384372107684613,"y":-0.760387659072876,"z":0.00981544516980648,"w":-0.6493480801582336},"size":37.383731842041019,"orthographic":false}